;###001 - THIS LINE CONTAINS VERSION INFORMATION. DO NOT REMOVE!!!

;ALARMS
 
;Analog Alarms
;Analog A,Tagname,HandshakeTagName,HandshakeAutoReset,Acktagname,AckAutoreset,Deadbandvalue,DeadbandType,Outofalarmlabel,AlarmIdentification,Ack File Msg,Ack Printer Message, Ack Message Source,Out of Alm file msg,Out of Alm printer msg,Out of Alm Message Source ,Thresh1 type,Threshold,Label,MessageSource,File msg,Printer msg,Direction,Severity,Thresh2 type,Threshold,Label,MessageSource,File msg,Printer msg,Direction,Severity,Thresh3 type,Threshold,Label,MessageSource,File msg,Printer msg,Direction,Severity,Thresh4 type,Threshold,Label,MessageSource,File msg,Printer msg,Direction,Severity,Thresh5 type,Threshold,Label,MessageSource,File msg,Printer msg,Direction,Severity,Thresh6 type,Threshold,Label,MessageSource,File msg,Printer msg,Direction,Severity,Thresh7 type,Threshold,Label,MessageSource,File msg,Printer msg,Direction,Severity,Thresh8 type,Threshold,Label,MessageSource,File msg,Printer msg,Direction,Severity,
 
;Digital Alarms
;Digital D,Tagname,type,Label,Severity,Message Source,File msg,Printer msg,Out of alm msg source,Out Of alm File msg,Out of alm Printer msg,Ack msg source,Ack File msg,Ack Printer msg,Alarm Identify,Out of alm label,Ack Tag Name,Ack Auto Reset,Handshake Tag Name,Handshake Auto Reset
"D","AguaQuente\Mot\BB3326_ALR","ON","BB3326","1","S","","","S","","","S","","","","","","N","","N"
"D","AguaQuente\Mot\BB3326_TE","OFF","BB3326","1","S","","","S","","","S","","","","","","N","","N"
"D","AguaQuente\Valv\XV3328A_ALR","ON","XV3328A","1","S","","","S","","","S","","","","","","N","","N"
"D","AguaQuente\Valv\XV3328B_ALR","ON","XV3328B","1","S","","","S","","","S","","","","","","N","","N"
"D","AguaQuente\Valv\XV3328C_ALR","ON","XV3328C","1","S","","","S","","","S","","","","","","N","","N"
"D","AguaQuente\Valv\XV3328D_ALR","ON","XV3328D","1","S","","","S","","","S","","","","","","N","","N"
"D","Cip1\Mot\BB7108_ALR","ON","BB7108","1","S","","","S","","","S","","","","","","N","","N"
"D","Cip1\Mot\BB7108_TE","OFF","BB7108","1","S","","","S","","","S","","","","","","N","","N"
"D","Cip1\Mot\BB7109_ALR","ON","BB7109","1","S","","","S","","","S","","","","","","N","","N"
"D","Cip1\Mot\BB7109_TE","OFF","BB7109","1","S","","","S","","","S","","","","","","N","","N"
"D","Cip1\Mot\BB7110_ALR","ON","BB7110","1","S","","","S","","","S","","","","","","N","","N"
"D","Cip1\Mot\BB7110_TE","OFF","BB7110","1","S","","","S","","","S","","","","","","N","","N"
"D","Cip1\Mot\BB7111_ALR","ON","BB7111","1","S","","","S","","","S","","","","","","N","","N"
"D","Cip1\Mot\BB7111_TE","OFF","BB7111","1","S","","","S","","","S","","","","","","N","","N"
"D","Cip1\Mot\BB7112_ALR","ON","BB7112","1","S","","","S","","","S","","","","","","N","","N"
"D","Cip1\Mot\BB7112_TE","OFF","BB7112","1","S","","","S","","","S","","","","","","N","","N"
"D","Cip1\Mot\BB7113_ALR","ON","BB7113","1","S","","","S","","","S","","","","","","N","","N"
"D","Cip1\Mot\BB7113_TE","OFF","BB7113","1","U","","","U","","","U","","","","","","N","","N"
"D","Cip1\Mot\BB7114_ALR","ON","BB7114","1","U","","","U","","","U","","","","","","N","","N"
"D","Cip1\Mot\BB7114_TE","OFF","BB7114","1","U","","","U","","","U","","","","","","N","","N"
"D","Cip1\Mot\BB7115_ALR","ON","BB7115","1","U","","","U","","","U","","","","","","N","","N"
"D","Cip1\Mot\BB7115_TE","OFF","BB7115","1","U","","","U","","","U","","","","","","N","","N"
"D","Cip1\Mot\BB7116_ALR","ON","BB7116","1","U","","","U","","","U","","","","","","N","","N"
"D","Cip1\Mot\BB7116_TE","OFF","BB7116","1","U","","","U","","","U","","","","","","N","","N"
"D","Cip1\Mot\BB7118_ALR","ON","BB7118","1","U","","","U","","","U","","","","","","N","","N"
"D","Cip1\Mot\BB7118_TE","OFF","BB7118","1","U","","","U","","","U","","","","","","N","","N"
"D","Cip1\Mot\BB7119_ALR","ON","BB7119","1","U","","","U","","","U","","","","","","N","","N"
"D","Cip1\Mot\BB7119_TE","OFF","BB7119","1","U","","","U","","","U","","","","","","N","","N"
"D","Cip1\Mot\BB7121_ALR","ON","BB7121","1","U","","","U","","","U","","","","","","N","","N"
"D","Cip1\Mot\BB7121_TE","OFF","BB7121","1","U","","","U","","","U","","","","","","N","","N"
"D","Cip1\Mot\BB7122_ALR","ON","BB7122","1","U","","","U","","","U","","","","","","N","","N"
"D","Cip1\Mot\BB7122_TE","OFF","BB7122","1","U","","","U","","","U","","","","","","N","","N"
"D","cip1\Valv\XV7100A_ALR","ON","XV7100A","1","U","","","U","","","U","","","","","","N","","N"
"D","cip1\Valv\XV7100B_ALR","ON","XV7100B","1","U","","","U","","","U","","","","","","N","","N"
"D","Cip1\Valv\XV7103A_ALR","ON","XV7103A","1","U","","","U","","","U","","","","","","N","","N"
"D","Cip1\Valv\XV7103B_ALR","ON","XV7103B","1","U","","","U","","","U","","","","","","N","","N"
"D","Cip1\Valv\XV7103C_ALR","ON","XV7103C","1","U","","","U","","","U","","","","","","N","","N"
"D","Cip1\Valv\XV7103D_ALR","ON","XV7103D","1","U","","","U","","","U","","","","","","N","","N"
"D","Cip1\Valv\XV7103E_ALR","ON","XV7103E","1","U","","","U","","","U","","","","","","N","","N"
"D","Cip1\Valv\XV7103F_ALR","ON","XV7103F","1","U","","","U","","","U","","","","","","N","","N"
"D","Cip1\Valv\XV7103G_ALR","ON","XV7103G","1","U","","","U","","","U","","","","","","N","","N"
"D","Cip1\Valv\XV7103H_ALR","ON","XV7103H","1","U","","","U","","","U","","","","","","N","","N"
"D","Cip1\Valv\XV7103I_ALR","ON","XV7103I","1","U","","","U","","","U","","","","","","N","","N"
"D","Cip1\Valv\XV7103J_ALR","ON","XV7103J","1","U","","","U","","","U","","","","","","N","","N"
"D","Cip1\Valv\XV7103K_ALR","ON","XV7103K","1","U","","","U","","","U","","","","","","N","","N"
"D","Cip1\Valv\XV7103L_ALR","ON","XV7103L","1","U","","","U","","","U","","","","","","N","","N"
"D","Cip1\Valv\XV7103M_ALR","ON","XV7103M","1","U","","","U","","","U","","","","","","N","","N"
"D","Cip1\Valv\XV7103N_ALR","ON","XV7103N","1","U","","","U","","","U","","","","","","N","","N"
"D","Cip1\Valv\XV7104A_ALR","ON","XV7104A","1","U","","","U","","","U","","","","","","N","","N"
"D","Cip1\Valv\XV7104B_ALR","ON","XV7104B","1","U","","","U","","","U","","","","","","N","","N"
"D","Cip1\Valv\XV7104C_ALR","ON","XV7104C","1","U","","","U","","","U","","","","","","N","","N"
"D","Cip1\Valv\XV7104D_ALR","ON","XV7104D","1","U","","","U","","","U","","","","","","N","","N"
"D","Cip1\Valv\XV7104E_ALR","ON","XV7104E","1","U","","","U","","","U","","","","","","N","","N"
"D","Cip1\Valv\XV7104F_ALR","ON","XV7104F","1","S","","","S","","","S","","","","","","N","","N"
"D","Cip1\Valv\XV7104G_ALR","ON","XV7104G","1","S","","","S","","","S","","","","","","N","","N"
"D","Cip1\Valv\XV7104H_ALR","ON","XV7104H","1","S","","","S","","","S","","","","","","N","","N"
"D","Cip1\Valv\XV7104I_ALR","ON","XV7104I","1","S","","","S","","","S","","","","","","N","","N"
"D","Cip1\Valv\XV7104J_ALR","ON","XV7104J","1","S","","","S","","","S","","","","","","N","","N"
"D","Cip1\Valv\XV7104K_ALR","ON","XV7104K","1","S","","","S","","","S","","","","","","N","","N"
"D","Cip1\Valv\XV7104L_ALR","ON","XV7104L","1","S","","","S","","","S","","","","","","N","","N"
"D","Cip1\Valv\XV7104M_ALR","ON","XV7104M","1","S","","","S","","","S","","","","","","N","","N"
"D","Cip1\Valv\XV7104N_ALR","ON","XV7104N","1","S","","","S","","","S","","","","","","N","","N"
"D","Cip1\Valv\XV7104O_ALR","ON","XV7104O","1","S","","","S","","","S","","","","","","N","","N"
"D","Cip1\Valv\XV7105A_ALR","ON","XV7105A","1","S","","","S","","","S","","","","","","N","","N"
"D","Cip1\Valv\XV7105B_ALR","ON","XV7105B","1","S","","","S","","","S","","","","","","N","","N"
"D","Cip1\Valv\XV7105C_ALR","ON","XV7105C","1","S","","","S","","","S","","","","","","N","","N"
"D","Cip1\Valv\XV7105D_ALR","ON","XV7105D","1","S","","","S","","","S","","","","","","N","","N"
"D","Cip1\Valv\XV7105E_ALR","ON","XV7105E","1","S","","","S","","","S","","","","","","N","","N"
"D","Cip1\Valv\XV7105F_ALR","ON","XV7105F","1","S","","","S","","","S","","","","","","N","","N"
"D","Cip1\Valv\XV7105G_ALR","ON","XV7105G","1","S","","","S","","","S","","","","","","N","","N"
"D","Cip1\Valv\XV7105H_ALR","ON","XV7105H","1","S","","","S","","","S","","","","","","N","","N"
"D","Cip1\Valv\XV7105I_ALR","ON","XV7105I","1","S","","","S","","","S","","","","","","N","","N"
"D","Cip1\Valv\XV7105J_ALR","ON","XV7105J","1","S","","","S","","","S","","","","","","N","","N"
"D","Cip1\Valv\XV7105K_ALR","ON","XV7105K","1","S","","","S","","","S","","","","","","N","","N"
"D","Cip1\Valv\XV7105L_ALR","ON","XV7105L","1","S","","","S","","","S","","","","","","N","","N"
"D","Cip1\Valv\XV7105M_ALR","ON","XV7105M","1","S","","","S","","","S","","","","","","N","","N"
"D","Cip1\Valv\XV7105N_ALR","ON","XV7105N","1","S","","","S","","","S","","","","","","N","","N"
"D","Cip1\Valv\XV7105O_ALR","ON","XV7105O","1","S","","","S","","","S","","","","","","N","","N"
"D","Cip1\Valv\XV7106A_ALR","ON","XV7106A","1","S","","","S","","","S","","","","","","N","","N"
"D","Cip1\Valv\XV7106B_ALR","ON","XV7106B","1","S","","","S","","","S","","","","","","N","","N"
"D","Cip1\Valv\XV7106C_ALR","ON","XV7106C","1","S","","","S","","","S","","","","","","N","","N"
"D","Cip1\Valv\XV7106D_ALR","ON","XV7106D","1","S","","","S","","","S","","","","","","N","","N"
"D","Cip1\Valv\XV7106E_ALR","ON","XV7106E","1","S","","","S","","","S","","","","","","N","","N"
"D","Cip1\Valv\XV7106F_ALR","ON","XV7106F","1","S","","","S","","","S","","","","","","N","","N"
"D","Cip1\Valv\XV7106G_ALR","ON","XV7106G","1","S","","","S","","","S","","","","","","N","","N"
"D","Cip1\Valv\XV7106H_ALR","ON","XV7106H","1","S","","","S","","","S","","","","","","N","","N"
"D","Cip1\Valv\XV7106I_ALR","ON","XV7106I","1","S","","","S","","","S","","","","","","N","","N"
"D","Cip1\Valv\XV7106J_ALR","ON","XV7106J","1","S","","","S","","","S","","","","","","N","","N"
"D","Cip1\Valv\XV7106K_ALR","ON","XV7106K","1","S","","","S","","","S","","","","","","N","","N"
"D","Cip1\Valv\XV7106L_ALR","ON","XV7106L","1","S","","","S","","","S","","","","","","N","","N"
"D","Cip1\Valv\XV7106M_ALR","ON","XV7106M","1","S","","","S","","","S","","","","","","N","","N"
"D","Cip1\Valv\XV7106N_ALR","ON","XV7106N","1","S","","","S","","","S","","","","","","N","","N"
"D","Cip1\Valv\XV7106O_ALR","ON","XV7106O","1","S","","","S","","","S","","","","","","N","","N"
"D","Cip1\Valv\XV7107A_ALR","ON","XV7107A","1","S","","","S","","","S","","","","","","N","","N"
"D","Cip1\Valv\XV7107B_ALR","ON","XV7107B","1","S","","","S","","","S","","","","","","N","","N"
"D","CIP1\Valv\XV7107C_ALR","ON","XV7107C","1","S","","","S","","","S","","","","","","N","","N"
"D","CIP1\Valv\XV7107D_ALR","ON","XV7107D","1","S","","","S","","","S","","","","","","N","","N"
"D","Cip1\Valv\XV7110A_ALR","ON","XV7110A","1","S","","","S","","","S","","","","","","N","","N"
"D","cip1\Valv\XV7110B_ALR","ON","XV7110B","1","S","","","S","","","S","","","","","","N","","N"
"D","Cip1\Valv\XV7111A_ALR","ON","XV7111A","1","S","","","S","","","S","","","","","","N","","N"
"D","Cip1\Valv\XV7111B_ALR","ON","XV7111B","1","S","","","S","","","S","","","","","","N","","N"
"D","Cip1\Valv\XV7111C_ALR","ON","XV7111C","1","S","","","S","","","S","","","","","","N","","N"
"D","cip1\Valv\XV7111D_ALR","ON","XV7111D","1","S","","","S","","","S","","","","","","N","","N"
"D","cip1\Valv\XV7111E_ALR","ON","XV7111E","1","S","","","S","","","S","","","","","","N","","N"
"D","cip1\Valv\XV7111F_ALR","ON","XV7111F","1","S","","","S","","","S","","","","","","N","","N"
"D","cip1\Valv\XV7111G_ALR","ON","XV7111G","1","S","","","S","","","S","","","","","","N","","N"
"D","Cip1\Valv\XV7112A_ALR","ON","XV7112A","1","S","","","S","","","S","","","","","","N","","N"
"D","Cip1\Valv\XV7112B_ALR","ON","XV7112B","1","S","","","S","","","S","","","","","","N","","N"
"D","Cip1\Valv\XV7113A_ALR","ON","XV7113A","1","S","","","S","","","S","","","","","","N","","N"
"D","Cip1\Valv\XV7113B_ALR","ON","XV7113B","1","S","","","S","","","S","","","","","","N","","N"
"D","Cip1\Valv\XV7113C_ALR","ON","XV7113C","1","S","","","S","","","S","","","","","","N","","N"
"D","Cip1\Valv\XV7114A_ALR","ON","XV7114A","1","S","","","S","","","S","","","","","","N","","N"
"D","Cip1\Valv\XV7114B_ALR","ON","XV7114B","1","S","","","S","","","S","","","","","","N","","N"
"D","Cip1\Valv\XV7114C_ALR","ON","XV7114C","1","S","","","S","","","S","","","","","","N","","N"
"D","Cip1\Valv\XV7114D_ALR","ON","XV7114D","1","S","","","S","","","S","","","","","","N","","N"
"D","Cip1\Valv\XV7115A_ALR","ON","XV7115A","1","S","","","S","","","S","","","","","","N","","N"
"D","Cip1\Valv\XV7115B_ALR","ON","XV7115B","1","S","","","S","","","S","","","","","","N","","N"
"D","Cip1\Valv\XV7115C_ALR","ON","XV7115C","1","S","","","S","","","S","","","","","","N","","N"
"D","cip1\Valv\XV7115D_ALR","ON","XV7115D","1","S","","","S","","","S","","","","","","N","","N"
"D","Cip1\Valv\XV7116A_ALR","ON","XV7116A","1","S","","","S","","","S","","","","","","N","","N"
"D","Cip1\Valv\XV7116B_ALR","ON","XV7116B","1","S","","","S","","","S","","","","","","N","","N"
"D","Cip1\Valv\XV7116C_ALR","ON","XV7116C","1","S","","","S","","","S","","","","","","N","","N"
"D","Cip2\Inv\BB7209_ALR","ON","BB7209","1","S","","","S","","","S","","","","","","N","","N"
"D","Cip2\Inv\BB7209_FAL","ON","BB7209","1","S","","","S","","","S","","","","","","N","","N"
"D","Cip2\Inv\BB7209_TE","OFF","BB7209","1","S","","","S","","","S","","","","","","N","","N"
"D","Cip2\Inv\BB7210_ALR","ON","BB7210","1","S","","","S","","","S","","","","","","N","","N"
"D","Cip2\Inv\BB7210_FAL","ON","BB7210","1","S","","","S","","","S","","","","","","N","","N"
"D","Cip2\Inv\BB7210_TE","OFF","BB7210","1","S","","","S","","","S","","","","","","N","","N"
"D","Cip2\Inv\BB7211_ALR","ON","BB7211","1","S","","","S","","","S","","","","","","N","","N"
"D","Cip2\Inv\BB7211_FAL","ON","BB7211","1","S","","","S","","","S","","","","","","N","","N"
"D","Cip2\Inv\BB7211_TE","OFF","BB7211","1","S","","","S","","","S","","","","","","N","","N"
"D","Cip2\Inv\BB7212_ALR","ON","BB7212","1","S","","","S","","","S","","","","","","N","","N"
"D","Cip2\Inv\BB7212_FAL","ON","BB7212","1","S","","","S","","","S","","","","","","N","","N"
"D","Cip2\Inv\BB7212_TE","OFF","BB7212","1","S","","","S","","","S","","","","","","N","","N"
"D","Cip2\Inv\BB7213_ALR","ON","BB7213","1","S","","","S","","","S","","","","","","N","","N"
"D","Cip2\Inv\BB7213_FAL","ON","BB7213","1","S","","","S","","","S","","","","","","N","","N"
"D","Cip2\Inv\BB7213_TE","OFF","BB7213","1","S","","","S","","","S","","","","","","N","","N"
"D","Cip2\Inv\BB7214_ALR","ON","BB7214","1","S","","","S","","","S","","","","","","N","","N"
"D","Cip2\Inv\BB7214_FAL","ON","BB7214","1","S","","","S","","","S","","","","","","N","","N"
"D","Cip2\Inv\BB7214_TE","OFF","BB7214","1","S","","","S","","","S","","","","","","N","","N"
"D","Cip2\Inv\BB7215_ALR","ON","BB7215","1","S","","","S","","","S","","","","","","N","","N"
"D","Cip2\Inv\BB7215_FAL","ON","BB7215","1","S","","","S","","","S","","","","","","N","","N"
"D","Cip2\Inv\BB7215_TE","OFF","BB7215","1","S","","","S","","","S","","","","","","N","","N"
"D","CIP2\Mot\BB7002_ALR","ON","BB7002","1","S","","","S","","","S","","","","","","N","","N"
"D","CIP2\Mot\BB7002_TE","OFF","BB7002","1","S","","","S","","","S","","","","","","N","","N"
"D","CIP2\Mot\BB7003_ALR","ON","BB7003","1","S","","","S","","","S","","","","","","N","","N"
"D","CIP2\Mot\BB7003_TE","OFF","BB7003","1","S","","","S","","","S","","","","","","N","","N"
"D","CIP2\Mot\BB7005A_ALR","ON","BB7005A","1","S","","","S","","","S","","","","","","N","","N"
"D","CIP2\Mot\BB7005A_TE","OFF","BB7005A","1","S","","","S","","","S","","","","","","N","","N"
"D","CIP2\Mot\BB7006A_ALR","ON","BB7006A","1","S","","","S","","","S","","","","","","N","","N"
"D","CIP2\Mot\BB7006A_TE","OFF","BB7006A","1","S","","","S","","","S","","","","","","N","","N"
"D","CIP2\Mot\BB7006B_ALR","ON","BB7006B","1","S","","","S","","","S","","","","","","N","","N"
"D","CIP2\Mot\BB7006B_TE","OFF","BB7006B","1","S","","","S","","","S","","","","","","N","","N"
"D","Cip2\Mot\BB7206_ALR","ON","BB7206","1","S","","","S","","","S","","","","","","N","","N"
"D","Cip2\Mot\BB7206_TE","OFF","BB7206","1","S","","","S","","","S","","","","","","N","","N"
"D","Cip2\Mot\BB7207_ALR","ON","BB7207","1","S","","","S","","","S","","","","","","N","","N"
"D","Cip2\Mot\BB7207_TE","OFF","BB7207","1","S","","","S","","","S","","","","","","N","","N"
"D","Cip2\Mot\BB7208_ALR","ON","BB7208","1","S","","","S","","","S","","","","","","N","","N"
"D","Cip2\Mot\BB7208_TE","OFF","BB7208","1","S","","","S","","","S","","","","","","N","","N"
"D","CIP2\Valv\XV7100C_ALR","ON","XV7100C","1","S","","","S","","","S","","","","","","N","","N"
"D","Cip2\Valv\XV7202A_ALR","ON","XV7202A","1","S","","","S","","","S","","","","","","N","","N"
"D","Cip2\Valv\XV7202B_ALR","ON","XV7202B","1","S","","","S","","","S","","","","","","N","","N"
"D","Cip2\Valv\XV7202C_ALR","ON","XV7202C","1","S","","","S","","","S","","","","","","N","","N"
"D","Cip2\Valv\XV7202D_ALR","ON","XV7202D","1","S","","","S","","","S","","","","","","N","","N"
"D","Cip2\Valv\XV7202E_ALR","ON","XV7202E","1","S","","","S","","","S","","","","","","N","","N"
"D","Cip2\Valv\XV7202F_ALR","ON","XV7202F","1","S","","","S","","","S","","","","","","N","","N"
"D","Cip2\Valv\XV7202G_ALR","ON","XV7202G","1","S","","","S","","","S","","","","","","N","","N"
"D","Cip2\Valv\XV7203A_ALR","ON","XV7203A","1","S","","","S","","","S","","","","","","N","","N"
"D","Cip2\Valv\XV7203B_ALR","ON","XV7203B","1","S","","","S","","","S","","","","","","N","","N"
"D","Cip2\Valv\XV7203C_ALR","ON","XV7203C","1","S","","","S","","","S","","","","","","N","","N"
"D","Cip2\Valv\XV7203D_ALR","ON","XV7203D","1","S","","","S","","","S","","","","","","N","","N"
"D","Cip2\Valv\XV7203E_ALR","ON","XV7203E","1","S","","","S","","","S","","","","","","N","","N"
"D","Cip2\Valv\XV7203F_ALR","ON","XV7203F","1","S","","","S","","","S","","","","","","N","","N"
"D","Cip2\Valv\XV7203G_ALR","ON","XV7203G","1","S","","","S","","","S","","","","","","N","","N"
"D","Cip2\Valv\XV7203H_ALR","ON","XV7203H","1","S","","","S","","","S","","","","","","N","","N"
"D","Cip2\Valv\XV7203I_ALR","ON","XV7203I","1","S","","","S","","","S","","","","","","N","","N"
"D","Cip2\Valv\XV7203J_ALR","ON","XV7203J","1","S","","","S","","","S","","","","","","N","","N"
"D","Cip2\Valv\XV7203K_ALR","ON","XV7203K","1","S","","","S","","","S","","","","","","N","","N"
"D","Cip2\Valv\XV7203L_ALR","ON","XV7203L","1","S","","","S","","","S","","","","","","N","","N"
"D","Cip2\Valv\XV7203M_ALR","ON","XV7203M","1","S","","","S","","","S","","","","","","N","","N"
"D","Cip2\Valv\XV7203N_ALR","ON","XV7203N","1","S","","","S","","","S","","","","","","N","","N"
"D","Cip2\Valv\XV7203O_ALR","ON","XV7203O","1","S","","","S","","","S","","","","","","N","","N"
"D","Cip2\Valv\XV7204A_ALR","ON","XV7204A","1","S","","","S","","","S","","","","","","N","","N"
"D","Cip2\Valv\XV7204B_ALR","ON","XV7204B","1","S","","","S","","","S","","","","","","N","","N"
"D","Cip2\Valv\XV7204C_ALR","ON","XV7204C","1","S","","","S","","","S","","","","","","N","","N"
"D","Cip2\Valv\XV7204D_ALR","ON","XV7204D","1","S","","","S","","","S","","","","","","N","","N"
"D","Cip2\Valv\XV7204E_ALR","ON","XV7204E","1","S","","","S","","","S","","","","","","N","","N"
"D","Cip2\Valv\XV7204F_ALR","ON","XV7204F","1","S","","","S","","","S","","","","","","N","","N"
"D","Cip2\Valv\XV7204G_ALR","ON","XV7204G","1","S","","","S","","","S","","","","","","N","","N"
"D","Cip2\Valv\XV7204H_ALR","ON","XV7204H","1","S","","","S","","","S","","","","","","N","","N"
"D","Cip2\Valv\XV7204I_ALR","ON","XV7204I","1","S","","","S","","","S","","","","","","N","","N"
"D","Cip2\Valv\XV7204J_ALR","ON","XV7204J","1","S","","","S","","","S","","","","","","N","","N"
"D","Cip2\Valv\XV7204K_ALR","ON","XV7204K","1","S","","","S","","","S","","","","","","N","","N"
"D","Cip2\Valv\XV7204L_ALR","ON","XV7204L","1","S","","","S","","","S","","","","","","N","","N"
"D","Cip2\Valv\XV7204M_ALR","ON","XV7204M","1","S","","","S","","","S","","","","","","N","","N"
"D","Cip2\Valv\XV7204N_ALR","ON","XV7204N","1","S","","","S","","","S","","","","","","N","","N"
"D","Cip2\Valv\XV7204O_ALR","ON","XV7204O","1","S","","","S","","","S","","","","","","N","","N"
"D","Cip2\Valv\XV7205A_ALR","ON","XV7205A","1","S","","","S","","","S","","","","","","N","","N"
"D","Cip2\Valv\XV7205B_ALR","ON","XV7205B","1","S","","","S","","","S","","","","","","N","","N"
"D","Cip2\Valv\XV7205C_ALR","ON","XV7205C","1","S","","","S","","","S","","","","","","N","","N"
"D","Cip2\Valv\XV7205D_ALR","ON","XV7205D","1","S","","","S","","","S","","","","","","N","","N"
"D","Cip2\Valv\XV7205E_ALR","ON","XV7205E","1","S","","","S","","","S","","","","","","N","","N"
"D","Cip2\Valv\XV7205F_ALR","ON","XV7205F","1","S","","","S","","","S","","","","","","N","","N"
"D","Cip2\Valv\XV7205G_ALR","ON","XV7205G","1","S","","","S","","","S","","","","","","N","","N"
"D","Cip2\Valv\XV7205H_ALR","ON","XV7205H","1","S","","","S","","","S","","","","","","N","","N"
"D","Cip2\Valv\XV7205I_ALR","ON","XV7205I","1","S","","","S","","","S","","","","","","N","","N"
"D","Cip2\Valv\XV7205J_ALR","ON","XV7205J","1","S","","","S","","","S","","","","","","N","","N"
"D","Cip2\Valv\XV7205K_ALR","ON","XV7205K","1","S","","","S","","","S","","","","","","N","","N"
"D","Cip2\Valv\XV7205L_ALR","ON","XV7205L","1","S","","","S","","","S","","","","","","N","","N"
"D","Cip2\Valv\XV7205M_ALR","ON","XV7205M","1","S","","","S","","","S","","","","","","N","","N"
"D","Cip2\Valv\XV7205N_ALR","ON","XV7205N","1","S","","","S","","","S","","","","","","N","","N"
"D","Cip2\Valv\XV7205O_ALR","ON","XV7205O","1","S","","","S","","","S","","","","","","N","","N"
"D","Cip2\Valv\XV7206A_ALR","ON","XV7206A","1","S","","","S","","","S","","","","","","N","","N"
"D","Cip2\Valv\XV7206B_ALR","ON","XV7206B","1","S","","","S","","","S","","","","","","N","","N"
"D","Cip2\Valv\XV7206C_ALR","ON","XV7206C","1","S","","","S","","","S","","","","","","N","","N"
"D","Cip2\Valv\XV7206D_ALR","ON","XV7206D","1","S","","","S","","","S","","","","","","N","","N"
"D","Cip2\Valv\XV7206E_ALR","ON","XV7206E","1","S","","","S","","","S","","","","","","N","","N"
"D","Cip2\Valv\XV7206F_ALR","ON","XV7206F","1","S","","","S","","","S","","","","","","N","","N"
"D","Cip2\Valv\XV7206G_ALR","ON","XV7206G","1","S","","","S","","","S","","","","","","N","","N"
"D","Cip2\Valv\XV7206H_ALR","ON","XV7206H","1","S","","","S","","","S","","","","","","N","","N"
"D","Cip2\Valv\XV7209A_ALR","ON","XV7209A","1","S","","","S","","","S","","","","","","N","","N"
"D","Cip2\Valv\XV7209B_ALR","ON","XV7209B","1","S","","","S","","","S","","","","","","N","","N"
"D","Cip2\Valv\XV7209C_ALR","ON","XV7209C","1","S","","","S","","","S","","","","","","N","","N"
"D","Cip2\Valv\XV7209D_ALR","ON","XV7209D","1","S","","","S","","","S","","","","","","N","","N"
"D","Cip2\Valv\XV7210A_ALR","ON","XV7210A","1","S","","","S","","","S","","","","","","N","","N"
"D","Cip2\Valv\XV7210B_ALR","ON","XV7210B","1","S","","","S","","","S","","","","","","N","","N"
"D","Cip2\Valv\XV7211A_ALR","ON","XV7211A","1","S","","","S","","","S","","","","","","N","","N"
"D","Cip2\Valv\XV7211B_ALR","ON","XV7211B","1","S","","","S","","","S","","","","","","N","","N"
"D","Cip2\Valv\XV7211C_ALR","ON","XV7211C","1","S","","","S","","","S","","","","","","N","","N"
"D","Cip2\Valv\XV7212A_ALR","ON","XV7212A","1","S","","","S","","","S","","","","","","N","","N"
"D","Cip2\Valv\XV7212B_ALR","ON","XV7212B","1","S","","","S","","","S","","","","","","N","","N"
"D","Cip2\Valv\XV7212C_ALR","ON","XV7212C","1","S","","","S","","","S","","","","","","N","","N"
"D","Cip2\Valv\XV7212D_ALR","ON","XV7212D","1","S","","","S","","","S","","","","","","N","","N"
"D","Cip2\Valv\XV7213A_ALR","ON","XV7213A","1","S","","","S","","","S","","","","","","N","","N"
"D","Cip2\Valv\XV7213B_ALR","ON","XV7213B","1","S","","","S","","","S","","","","","","N","","N"
"D","Cip2\Valv\XV7213C_ALR","ON","XV7213C","1","S","","","S","","","S","","","","","","N","","N"
"D","Cip2\Valv\XV7213D_ALR","ON","XV7213D","1","S","","","S","","","S","","","","","","N","","N"
"D","Cip2\Valv\XV7214A_ALR","ON","XV7214A","1","S","","","S","","","S","","","","","","N","","N"
"D","Cip2\Valv\XV7214B_ALR","ON","XV7214B","1","S","","","S","","","S","","","","","","N","","N"
"D","Cip2\Valv\XV7214C_ALR","ON","XV7214C","1","S","","","S","","","S","","","","","","N","","N"
"D","Cip2\Valv\XV7215A_ALR","ON","XV7215A","1","S","","","S","","","S","","","","","","N","","N"
"D","Cip2\Valv\XV7215B_ALR","ON","XV7215B","1","S","","","S","","","S","","","","","","N","","N"
"D","Cip2\Valv\XV7215C_ALR","ON","XV7215C","1","S","","","S","","","S","","","","","","N","","N"
"D","Cip2\Valv\XV7215D_ALR","ON","XV7215D","1","S","","","S","","","S","","","","","","N","","N"
"D","Cip2\Valv\XV7218A_ALR","ON","XV7218A","1","S","","","S","","","S","","","","","","N","","N"
"D","CIP2\Valv\XV7218B_ALR","ON","XV7218B","1","S","","","S","","","S","","","","","","N","","N"
"D","Cip2\Valv\XV7219A_ALR","ON","XV7219A","1","S","","","S","","","S","","","","","","N","","N"
"D","Cip2\Valv\XV7219B_ALR","ON","XV7219B","1","S","","","S","","","S","","","","","","N","","N"
"D","Cip2\Valv\XV7219C_ALR","ON","XV7219C","1","S","","","S","","","S","","","","","","N","","N"
"D","Cip2\Valv\XV7219D_ALR","ON","XV7219D","1","S","","","S","","","S","","","","","","N","","N"
"D","CIP2\Valv\XV7219E_ALR","ON","XV7219E","1","S","","","S","","","S","","","","","","N","","N"
"D","CIP2\Valv\XV7219F_ALR","ON","XV7219F","1","S","","","S","","","S","","","","","","N","","N"
"D","Cip2\Valv\XV7220A_ALR","ON","XV7220A","1","S","","","S","","","S","","","","","","N","","N"
"D","Cip2\Valv\XV7220B_ALR","ON","XV7220B","1","S","","","S","","","S","","","","","","N","","N"
"D","CIP2\Valv\XV7220C_ALR","ON","XV7220C","1","S","","","S","","","S","","","","","","N","","N"
"D","CIP2\Valv\XV7220D_ALR","ON","XV7220D","1","S","","","S","","","S","","","","","","N","","N"
"D","Cip2\Valv\XV7221A_ALR","ON","XV7221A","1","S","","","S","","","S","","","","","","N","","N"
"D","Cip2\Valv\XV7221B_ALR","ON","XV7221B","1","S","","","S","","","S","","","","","","N","","N"
"D","CIP2\Valv\XV7221C_ALR","ON","XV7221C","1","S","","","S","","","S","","","","","","N","","N"
"D","CIP2\Valv\XV7221D_ALR","ON","XV7221D","1","S","","","S","","","S","","","","","","N","","N"
"D","CIP2\Valv\XV7221E_ALR","ON","XV7221E","1","S","","","S","","","S","","","","","","N","","N"
"D","CipUtil\Mot\BB7302_ALR","ON","BB7302","1","S","","","S","","","S","","","","","","N","","N"
"D","CipUtil\Mot\BB7302_TE","OFF","BB7302","1","S","","","S","","","S","","","","","","N","","N"
"D","CipUtil\Mot\BB7303_ALR","ON","BB7303","1","S","","","S","","","S","","","","","","N","","N"
"D","CipUtil\Mot\BB7303_TE","OFF","BB7303","1","S","","","S","","","S","","","","","","N","","N"
"D","CipUtil\Mot\BB7304_ALR","ON","BB7304","1","S","","","S","","","S","","","","","","N","","N"
"D","CipUtil\Mot\BB7304_TE","OFF","BB7304","1","S","","","S","","","S","","","","","","N","","N"
"D","CipUtil\Mot\BB7305_ALR","ON","BB7305","1","S","","","S","","","S","","","","","","N","","N"
"D","CipUtil\Mot\BB7305_TE","OFF","BB7305","1","S","","","S","","","S","","","","","","N","","N"
"D","CipUtil\Mot\BB7306_ALR","ON","BB7306","1","S","","","S","","","S","","","","","","N","","N"
"D","CipUtil\Mot\BB7306_TE","OFF","BB7306","1","S","","","S","","","S","","","","","","N","","N"
"D","CipUtil\Mot\BB7307_ALR","ON","BB7307","1","S","","","S","","","S","","","","","","N","","N"
"D","CipUtil\Mot\BB7307_TE","OFF","BB7307","1","S","","","S","","","S","","","","","","N","","N"
"D","CipUtil\Mot\BB7309_ALR","ON","BB7309","1","S","","","S","","","S","","","","","","N","","N"
"D","CipUtil\Mot\BB7309_TE","OFF","BB7309","1","S","","","S","","","S","","","","","","N","","N"
"D","CipUtil\Mot\BB7310_ALR","ON","BB7310","1","S","","","S","","","S","","","","","","N","","N"
"D","CipUtil\Mot\BB7310_TE","OFF","BB7310","1","S","","","S","","","S","","","","","","N","","N"
"D","CipUtil\Mot\BB7311_ALR","ON","BB7311","1","S","","","S","","","S","","","","","","N","","N"
"D","CipUtil\Mot\BB7311_TE","OFF","BB7311","1","S","","","S","","","S","","","","","","N","","N"
"D","CipUtil\Mot\BB7312_ALR","ON","BB7312","1","S","","","S","","","S","","","","","","N","","N"
"D","CipUtil\Mot\BB7312_TE","OFF","BB7312","1","S","","","S","","","S","","","","","","N","","N"
"D","CipUtil\Mot\BB7313_ALR","ON","BB7313","1","S","","","S","","","S","","","","","","N","","N"
"D","CipUtil\Mot\BB7313_TE","OFF","BB7313","1","S","","","S","","","S","","","","","","N","","N"
"D","CipUtil\Mot\BB7314_ALR","ON","BB7314","1","S","","","S","","","S","","","","","","N","","N"
"D","CipUtil\Mot\BB7314_TE","OFF","BB7314","1","S","","","S","","","S","","","","","","N","","N"
"D","CipUtil\Mot\BB7315_ALR","ON","BB7315","1","S","","","S","","","S","","","","","","N","","N"
"D","CipUtil\Mot\BB7315_TE","OFF","BB7315","1","S","","","S","","","S","","","","","","N","","N"
"D","CipUtil\Valv\XV7308A_ALR","ON","XV7308A","1","S","","","S","","","S","","","","","","N","","N"
"D","Cozinha\Mot\AG3442_ALR","OFF","AG3442","1","U","","","U","","","U","","","","","","N","","N"
"D","Cozinha\Mot\AG3442_TE","ON","AG3442","1","U","","","U","","","U","","","","","","N","","N"
"D","Cozinha\Mot\BB3441_ALR","OFF","BB3441","1","U","","","U","","","U","","","","","","N","","N"
"D","Cozinha\Mot\BB3441_TE","ON","BB3441","1","U","","","U","","","U","","","","","","N","","N"
"D","Cozinha\Mot\BB3443_ALR","OFF","BB3443","1","U","","","U","","","U","","","","","","N","","N"
"D","Cozinha\Mot\BB3443_TE","ON","BB3443","1","U","","","U","","","U","","","","","","N","","N"
"D","Cozinha\Mot\BB3463_ALR","OFF","BB3463","1","U","","","U","","","U","","","","","","N","","N"
"D","Cozinha\Mot\BB3463_TE","ON","BB3463","1","U","","","U","","","U","","","","","","N","","N"
"D","Cozinha\Mot\BB3464_ALR","OFF","BB3464","1","U","","","U","","","U","","","","","","N","","N"
"D","Cozinha\Mot\BB3464_TE","ON","BB3464","1","U","","","U","","","U","","","","","","N","","N"
"D","Cozinha\Valv\XV3440A_ALR","ON","XV3440A","1","U","","","U","","","U","","","","","","N","","N"
"D","Cozinha\Valv\XV3440C_ALR","ON","XV3440C","1","U","","","U","","","U","","","","","","N","","N"
"D","Cozinha\Valv\XV3440D_ALR","ON","XV3440D","1","U","","","U","","","U","","","","","","N","","N"
"D","Cozinha\Valv\XV3442A_ALR","ON","XV3442A","1","U","","","U","","","U","","","","","","N","","N"
"D","Cozinha\Valv\XV3442B_ALR","ON","XV3442B","1","U","","","U","","","U","","","","","","N","","N"
"D","Cozinha\Valv\XV3442C_ALR","ON","XV3442C","1","U","","","U","","","U","","","","","","N","","N"
"D","Cozinha\Valv\XV3443A_ALR","ON","XV3443A","1","U","","","U","","","U","","","","","","N","","N"
"D","Cozinha\Valv\XV3443B_ALR","ON","XV3443B","1","U","","","U","","","U","","","","","","N","","N"
"D","Cozinha\Valv\XV3444A_ALR","ON","XV3444A","1","U","","","U","","","U","","","","","","N","","N"
"D","Cozinha\Valv\XV3444B_ALR","ON","XV3444B","1","U","","","U","","","U","","","","","","N","","N"
"D","Cozinha\Valv\XV3444C_ALR","ON","XV3444C","1","U","","","U","","","U","","","","","","N","","N"
"D","Cozinha\Valv\XV3445A_ALR","ON","XV3445A","1","U","","","U","","","U","","","","","","N","","N"
"D","Cozinha\Valv\XV3445B_ALR","ON","XV3445B","1","U","","","U","","","U","","","","","","N","","N"
"D","Cozinha\Valv\XV3460C_Alr","ON","XV3460C","1","S","","","S","","","S","","","","","","N","","N"
"D","Cozinha\Valv\XV3460D_ALR","ON","XV3460D","1","U","","","U","","","U","","","","","","N","","N"
"D","Cozinha\Valv\XV3460E_ALR","ON","XV3460E","1","U","","","U","","","U","","","","","","N","","N"
"D","Cozinha\Valv\XV3460F_ALR","ON","XV3460F","1","U","","","U","","","U","","","","","","N","","N"
"D","Cozinha\Valv\XV3460G_ALR","ON","XV3460G","1","U","","","U","","","U","","","","","","N","","N"
"D","Cozinha\Valv\XV3460H_ALR","ON","XV3460H","1","U","","","U","","","U","","","","","","N","","N"
"D","Cozinha\Valv\XV3460I_ALR","ON","XV3460I","1","U","","","U","","","U","","","","","","N","","N"
"D","Cozinha\Valv\XV3460J_ALR","ON","XV3460J","1","U","","","U","","","U","","","","","","N","","N"
"D","Cozinha\Valv\XV3460K_ALR","ON","XV3460K","1","U","","","U","","","U","","","","","","N","","N"
"D","Cozinha\Valv\XV3460L_ALR","ON","XV3460L","1","U","","","U","","","U","","","","","","N","","N"
"D","Cozinha\Valv\XV3460M_ALR","ON","XV3460M","1","U","","","U","","","U","","","","","","N","","N"
"D","Cozinha\Valv\XV3460N_ALR","ON","XV3460N","1","U","","","U","","","U","","","","","","N","","N"
"D","Cozinha\Valv\XV3460O_ALR","ON","XV3460O","1","U","","","U","","","U","","","","","","N","","N"
"D","Cozinha\Valv\XV3460P_ALR","ON","XV3460P","1","U","","","U","","","U","","","","","","N","","N"
"D","Cozinha\Valv\XV3460Q_Alr","ON","XV3460Q","1","S","","","S","","","S","","","","","","N","","N"
"D","Cozinha\Valv\XV3461A_ALR","ON","XV3461A","1","U","","","U","","","U","","","","","","N","","N"
"D","Cozinha\Valv\XV3461B_ALR","ON","XV3461B","1","U","","","U","","","U","","","","","","N","","N"
"D","Cozinha\Valv\XV3461C_ALR","ON","XV3461C","1","U","","","U","","","U","","","","","","N","","N"
"D","Cozinha\Valv\XV3461D_ALR","ON","XV3461D","1","U","","","U","","","U","","","","","","N","","N"
"D","Cozinha\Valv\XV3461E_ALR","ON","XV3461E","1","U","","","U","","","U","","","","","","N","","N"
"D","Cozinha\Valv\XV3461F_ALR","ON","XV3461F","1","U","","","U","","","U","","","","","","N","","N"
"D","Cozinha\Valv\XV3461G_ALR","ON","XV3461G","1","U","","","U","","","U","","","","","","N","","N"
"D","Cozinha\Valv\XV3462A_ALR","ON","XV3462A","1","U","","","U","","","U","","","","","","N","","N"
"D","Cozinha\Valv\XV3462B_ALR","ON","XV3462B","1","U","","","U","","","U","","","","","","N","","N"
"D","Cozinha\Valv\XV3462C_ALR","ON","XV3462C","1","U","","","U","","","U","","","","","","N","","N"
"D","Cozinha\Valv\XV3462D_ALR","ON","XV3462D","1","U","","","U","","","U","","","","","","N","","N"
"D","Cozinha\Valv\XV3462E_ALR","ON","XV3462E","1","U","","","U","","","U","","","","","","N","","N"
"D","Cozinha\Valv\XV3462F_ALR","ON","XV3462F","1","U","","","U","","","U","","","","","","N","","N"
"D","Cozinha\Valv\XV3463A_ALR","ON","XV3463A","1","U","","","U","","","U","","","","","","N","","N"
"D","Cozinha\Valv\XV3480B_ALR","ON","XV3480B","1","U","","","U","","","U","","","","","","N","","N"
"D","Cozinha\Valv\XV3480D_ALR","ON","XV3480D","1","U","","","U","","","U","","","","","","N","","N"
"D","Cozinha\Valv\XV3480E_ALR","ON","XV3480E","1","U","","","U","","","U","","","","","","N","","N"
"D","Cozinha\Valv\XV3480F_ALR","ON","XV3480F","1","U","","","U","","","U","","","","","","N","","N"
"D","Cozinha\Valv\XV3480G_ALR","ON","XV3480G","1","U","","","U","","","U","","","","","","N","","N"
"D","Cozinha\Valv\XV3480H_ALR","ON","XV3480H","1","U","","","U","","","U","","","","","","N","","N"
"D","Cozinha\Valv\XV3480I_ALR","ON","XV3480I","1","U","","","U","","","U","","","","","","N","","N"
"D","Cozinha\Valv\XV3480J_ALR","ON","XV3480J","1","U","","","U","","","U","","","","","","N","","N"
"D","Cozinha\Valv\XV3480K_ALR","ON","XV3480K","1","U","","","U","","","U","","","","","","N","","N"
"D","Cozinha\Valv\XV3480L_ALR","ON","XV3480L","1","U","","","U","","","U","","","","","","N","","N"
"D","Cozinha\Valv\XV3481A_ALR","ON","XV3481A","1","U","","","U","","","U","","","","","","N","","N"
"D","Cozinha\Valv\XV3481B_ALR","ON","XV3481B","1","U","","","U","","","U","","","","","","N","","N"
"D","Cozinha\Valv\XV3481C_ALR","ON","XV3481C","1","U","","","U","","","U","","","","","","N","","N"
"D","Cozinha\Valv\XV3481D_ALR","ON","XV3481D","1","U","","","U","","","U","","","","","","N","","N"
"D","Cozinha\Valv\XV3481E_ALR","ON","XV3481E","1","U","","","U","","","U","","","","","","N","","N"
"D","Cozinha\Valv\XV3481F_ALR","ON","XV3481F","1","U","","","U","","","U","","","","","","N","","N"
"D","Cozinha\Valv\XV3481G_ALR","ON","XV3481G","1","U","","","U","","","U","","","","","","N","","N"
"D","Cozinha\Valv\XV3482A_ALR","ON","XV3482A","1","U","","","U","","","U","","","","","","N","","N"
"D","Cozinha\Valv\XV3482B_ALR","ON","XV3482B","1","U","","","U","","","U","","","","","","N","","N"
"D","Cozinha\Valv\XV3482C_ALR","ON","XV3482C","1","U","","","U","","","U","","","","","","N","","N"
"D","Cozinha\Valv\XV3482D_ALR","ON","XV3482D","1","U","","","U","","","U","","","","","","N","","N"
"D","Cozinha\Valv\XV3482E_ALR","ON","XV3482E","1","U","","","U","","","U","","","","","","N","","N"
"D","Cozinha\Valv\XV3482F_ALR","ON","XV3482F","1","U","","","U","","","U","","","","","","N","","N"
"D","Cozinha\Valv\XV3483A_ALR","ON","XV3483A","1","U","","","U","","","U","","","","","","N","","N"
"D","DoyPack3\Inv\AG3461_ALR","ON","AG3461","1","S","","","S","","","S","","","","","","N","","N"
"D","DoyPack3\Inv\AG3461_FAL","ON","AG3461","1","S","","","S","","","S","","","","","","N","","N"
"D","DoyPack3\Inv\AG3462_ALR","ON","AG3462","1","S","","","S","","","S","","","","","","N","","N"
"D","DoyPack3\Inv\AG3462_FAL","ON","AG3462","1","S","","","S","","","S","","","","","","N","","N"
"D","DoyPack3\Inv\AG4502_Alr","ON","","1","S","","","S","","","S","","","","","","N","","N"
"D","DoyPack3\Inv\AG4503_ALR","ON","AG4503","1","S","","","S","","","S","","","","","","N","","N"
"D","DoyPack3\Inv\AG4503_FAL","ON","AG4503","1","S","","","S","","","S","","","","","","N","","N"
"D","DoyPack3\Inv\BB4508_ALR","ON","BB4508","1","S","","","S","","","S","","","","","","N","","N"
"D","DoyPack3\Inv\BB4508_FAL","ON","BB4508","1","S","","","S","","","S","","","","","","N","","N"
"D","DoyPack3\Inv\TC4533A_ALR","ON","TC4533A","1","S","","","S","","","S","","","","","","N","","N"
"D","DoyPack3\Inv\TC4533A_FAL","ON","TC4533A","1","S","","","S","","","S","","","","","","N","","N"
"D","DoyPack3\Inv\TC4533B_ALR","ON","TC4533B","1","S","","","S","","","S","","","","","","N","","N"
"D","DoyPack3\Inv\TC4533B_FAL","ON","TC4533B","1","S","","","S","","","S","","","","","","N","","N"
"D","DoyPack3\Inv\TC4533C_ALR","ON","TC4533C","1","S","","","S","","","S","","","","","","N","","N"
"D","DoyPack3\Inv\TC4533C_FAL","ON","TC4533C","1","S","","","S","","","S","","","","","","N","","N"
"D","DoyPack3\Inv\TC4533D_ALR","ON","TC4533D","1","S","","","S","","","S","","","","","","N","","N"
"D","DoyPack3\Inv\TC4533D_FAL","ON","TC4533D","1","S","","","S","","","S","","","","","","N","","N"
"D","DoyPack3\Inv\TC4533E_ALR","ON","TC4533E","1","S","","","S","","","S","","","","","","N","","N"
"D","DoyPack3\Inv\TC4533E_FAL","ON","TC4533E","1","S","","","S","","","S","","","","","","N","","N"
"D","DoyPack3\Inv\TC4543_ALR","ON","TC4543","1","S","","","S","","","S","","","","","","N","","N"
"D","DoyPack3\Inv\TC4543_FAL","ON","TC4543","1","S","","","S","","","S","","","","","","N","","N"
"D","DoyPack3\Mot\AG4505_Alr","ON","AG4505","1","S","","","S","","","S","","","","","","N","","N"
"D","DoyPack3\Mot\AG4505_Te","ON","AG4505","1","S","","","S","","","S","","","","","","N","","N"
"D","DoyPack3\Mot\AG4506_Alr","ON","AG4506","1","S","","","S","","","S","","","","","","N","","N"
"D","DoyPack3\Mot\AG4506_TE","OFF","AG4506","1","S","","","S","","","S","","","","","","N","","N"
"D","DoyPack3\Mot\BB4504_ALR","ON","BB4504","1","S","","","S","","","S","","","","","","N","","N"
"D","DoyPack3\Mot\BB4504_TE","OFF","BB4504","1","S","","","S","","","S","","","","","","N","","N"
"D","DoyPack3\Mot\BB4507_ALR","ON","BB4507","1","S","","","S","","","S","","","","","","N","","N"
"D","DoyPack3\Mot\BB4507_TE","OFF","BB4507","1","S","","","S","","","S","","","","","","N","","N"
"D","DoyPack3\Mot\BB4510_ALR","ON","BB4510","1","S","","","S","","","S","","","","","","N","","N"
"D","DoyPack3\Mot\BB4510_TE","OFF","BB4510","1","S","","","S","","","S","","","","","","N","","N"
"D","DoyPack3\Mot\BB4532_ALR","ON","BB4532","1","S","","","S","","","S","","","","","","N","","N"
"D","DoyPack3\Mot\BB4532_TE","OFF","BB4532","1","S","","","S","","","S","","","","","","N","","N"
"D","DoyPack3\Mot\BB4535_ALR","ON","BB4535","1","S","","","S","","","S","","","","","","N","","N"
"D","DoyPack3\Mot\BB4535_TE","OFF","BB4535","1","S","","","S","","","S","","","","","","N","","N"
"D","DoyPack3\Mot\ET4546_Alr","ON","ET4546","1","S","","","S","","","S","","","","","","N","","N"
"D","DoyPack3\Mot\ET4546_Te","ON","ET4546","1","S","","","S","","","S","","","","","","N","","N"
"D","DoyPack3\Mot\SB4547_ALR","ON","SB4547","1","S","","","S","","","S","","","","","","N","","N"
"D","DoyPack3\Mot\SB4547_TE","OFF","SB4547","1","S","","","S","","","S","","","","","","N","","N"
"D","DoyPack3\Mot\SB4548_ALR","ON","SB4548","1","S","","","S","","","S","","","","","","N","","N"
"D","DoyPack3\Mot\SB4548_TE","OFF","SB4548","1","S","","","S","","","S","","","","","","N","","N"
"D","DoyPack3\Mot\TC4542_ALR","ON","TC4542","1","S","","","S","","","S","","","","","","N","","N"
"D","DoyPack3\Mot\TC4542_TE","OFF","TC4542","1","S","","","S","","","S","","","","","","N","","N"
"D","DoyPack3\Mot\TC4544a_Alr","ON","TC4544A","1","S","","","S","","","S","","","","","","N","","N"
"D","DoyPack3\Mot\TC4544a_Te","ON","TC4544A","1","S","","","S","","","S","","","","","","N","","N"
"D","DoyPack3\Mot\TC4544B_Alr","ON","TC4544B","1","S","","","S","","","S","","","","","","N","","N"
"D","DoyPack3\Mot\TC4544B_Te","ON","TC454B4","1","S","","","S","","","S","","","","","","N","","N"
"D","DoyPack3\Mot\TC4546_Alr","ON","TC4546","1","S","","","S","","","S","","","","","","N","","N"
"D","DoyPack3\Mot\TC4546_Te","ON","TC4546","1","S","","","S","","","S","","","","","","N","","N"
"D","DoyPack3\Mot\VL4536_ALR","ON","VL4536","1","S","","","S","","","S","","","","","","N","","N"
"D","DoyPack3\Mot\VL4536_TE","OFF","VL4536","1","S","","","S","","","S","","","","","","N","","N"
"D","DoyPack3\Mot\VL4537_ALR","ON","VL4537","1","S","","","S","","","S","","","","","","N","","N"
"D","DoyPack3\Mot\VL4537_TE","OFF","VL4537","1","S","","","S","","","S","","","","","","N","","N"
"D","DoyPack3\Mot\VL4538_ALR","ON","VL4538","1","S","","","S","","","S","","","","","","N","","N"
"D","DoyPack3\Mot\VL4538_TE","OFF","VL4538","1","S","","","S","","","S","","","","","","N","","N"
"D","DoyPack3\Mot\VL4539_ALR","ON","VL4539","1","S","","","S","","","S","","","","","","N","","N"
"D","DoyPack3\Mot\VL4539_TE","OFF","VL4539","1","S","","","S","","","S","","","","","","N","","N"
"D","DoyPack3\Mot\VL4540_ALR","ON","VL4540","1","S","","","S","","","S","","","","","","N","","N"
"D","DoyPack3\Mot\VL4540_TE","OFF","VL4540","1","S","","","S","","","S","","","","","","N","","N"
"D","DoyPack3\Mot\VL4541_ALR","ON","VL4541","1","S","","","S","","","S","","","","","","N","","N"
"D","DoyPack3\Mot\VL4541_TE","OFF","VL4541","1","S","","","S","","","S","","","","","","N","","N"
"D","DoyPack3\Valv\SV4502A_ALR","ON","SV4502A","1","S","","","S","","","S","","","","","","N","","N"
"D","DoyPack3\Valv\SV4503A_ALR","ON","SV4503A","1","S","","","S","","","S","","","","","","N","","N"
"D","DoyPack3\Valv\SV4505A_ALR","ON","SV4505A","1","S","","","S","","","S","","","","","","N","","N"
"D","DoyPack3\Valv\XV4500A_Alr","ON","XV4501A","1","S","","","S","","","S","","","","","","N","","N"
"D","DoyPack3\Valv\XV4501A_ALR","ON","XV4501A","1","S","","","S","","","S","","","","","","N","","N"
"D","DoyPack3\Valv\XV4501B_ALR","ON","XV4501B","1","S","","","S","","","S","","","","","","N","","N"
"D","DoyPack3\Valv\XV4501C_ALR","ON","XV4501C","1","S","","","S","","","S","","","","","","N","","N"
"D","DoyPack3\Valv\XV4501D_ALR","ON","XV4501D","1","S","","","S","","","S","","","","","","N","","N"
"D","DoyPack3\Valv\XV4501E_ALR","ON","XV4501E","1","S","","","S","","","S","","","","","","N","","N"
"D","DoyPack3\Valv\XV4501F_ALR","ON","XV4501F","1","S","","","S","","","S","","","","","","N","","N"
"D","DoyPack3\Valv\XV4501I_ALR","ON","XV4501I","1","S","","","S","","","S","","","","","","N","","N"
"D","DoyPack3\Valv\XV4501J_ALR","ON","XV4501J","1","S","","","S","","","S","","","","","","N","","N"
"D","DoyPack3\Valv\XV4501M_ALR","ON","XV4501M","1","S","","","S","","","S","","","","","","N","","N"
"D","DoyPack3\Valv\XV4501N_ALR","ON","XV4501N","1","S","","","S","","","S","","","","","","N","","N"
"D","DoyPack3\Valv\XV4501O_ALR","ON","XV4501O","1","S","","","S","","","S","","","","","","N","","N"
"D","DoyPack3\Valv\XV4501Q_ALR","ON","XV4501Q","1","S","","","S","","","S","","","","","","N","","N"
"D","DoyPack3\Valv\XV4501R_ALR","ON","XV4501R","1","S","","","S","","","S","","","","","","N","","N"
"D","DoyPack3\Valv\XV4501S_Alr","ON","XV4501A","1","S","","","S","","","S","","","","","","N","","N"
"D","DoyPack3\Valv\XV4502A_ALR","ON","XV4502A","1","S","","","S","","","S","","","","","","N","","N"
"D","DoyPack3\Valv\XV4502B_ALR","ON","XV4502B","1","S","","","S","","","S","","","","","","N","","N"
"D","DoyPack3\Valv\XV4502C_ALR","ON","XV4502C","1","S","","","S","","","S","","","","","","N","","N"
"D","DoyPack3\Valv\XV4502D_ALR","ON","XV4502D","1","S","","","S","","","S","","","","","","N","","N"
"D","DoyPack3\Valv\XV4502E_ALR","ON","XV4502E","1","S","","","S","","","S","","","","","","N","","N"
"D","DoyPack3\Valv\XV4502F_ALR","ON","XV4502F","1","S","","","S","","","S","","","","","","N","","N"
"D","DoyPack3\Valv\XV4502G_ALR","ON","XV4502G","1","S","","","S","","","S","","","","","","N","","N"
"D","DoyPack3\Valv\XV4502H_ALR","ON","XV4502H","1","S","","","S","","","S","","","","","","N","","N"
"D","DoyPack3\Valv\XV4502I_ALR","ON","XV4502I","1","S","","","S","","","S","","","","","","N","","N"
"D","DoyPack3\Valv\XV4502J_ALR","ON","XV4502J","1","S","","","S","","","S","","","","","","N","","N"
"D","DoyPack3\Valv\XV4502K_ALR","ON","XV4502K","1","S","","","S","","","S","","","","","","N","","N"
"D","DoyPack3\Valv\XV4503A_ALR","ON","XV4503A","1","S","","","S","","","S","","","","","","N","","N"
"D","DoyPack3\Valv\XV4503B_ALR","ON","XV4503B","1","S","","","S","","","S","","","","","","N","","N"
"D","DoyPack3\Valv\XV4503C_ALR","ON","XV4503C","1","S","","","S","","","S","","","","","","N","","N"
"D","DoyPack3\Valv\XV4503D_ALR","ON","XV4503D","1","S","","","S","","","S","","","","","","N","","N"
"D","DoyPack3\Valv\XV4503E_ALR","ON","XV4503E","1","S","","","S","","","S","","","","","","N","","N"
"D","DoyPack3\Valv\XV4503F_ALR","ON","XV4503F","1","S","","","S","","","S","","","","","","N","","N"
"D","DoyPack3\Valv\XV4503G_ALR","ON","XV4503G","1","S","","","S","","","S","","","","","","N","","N"
"D","DoyPack3\Valv\XV4503H_ALR","ON","XV4503H","1","S","","","S","","","S","","","","","","N","","N"
"D","DoyPack3\Valv\XV4503I_ALR","ON","XV4503I","1","S","","","S","","","S","","","","","","N","","N"
"D","DoyPack3\Valv\XV4503J_ALR","ON","XV4503J","1","S","","","S","","","S","","","","","","N","","N"
"D","DoyPack3\Valv\XV4503K_ALR","ON","XV4503K","1","S","","","S","","","S","","","","","","N","","N"
"D","DoyPack3\Valv\XV4504A_ALR","ON","XV4504A","1","S","","","S","","","S","","","","","","N","","N"
"D","DoyPack3\Valv\XV4504B_ALR","ON","XV4504B","1","S","","","S","","","S","","","","","","N","","N"
"D","DoyPack3\Valv\XV4504C_ALR","ON","XV4504C","1","S","","","S","","","S","","","","","","N","","N"
"D","DoyPack3\Valv\XV4504D_ALR","ON","XV4504D","1","S","","","S","","","S","","","","","","N","","N"
"D","DoyPack3\Valv\XV4504E_ALR","ON","XV4504E","1","S","","","S","","","S","","","","","","N","","N"
"D","DoyPack3\Valv\XV4504F_ALR","ON","XV4504F","1","S","","","S","","","S","","","","","","N","","N"
"D","DoyPack3\Valv\XV4504G_ALR","ON","XV4504G","1","S","","","S","","","S","","","","","","N","","N"
"D","DoyPack3\Valv\XV4504H_ALR","ON","XV4504H","1","S","","","S","","","S","","","","","","N","","N"
"D","DoyPack3\Valv\XV4505A_ALR","ON","XV4505A","1","S","","","S","","","S","","","","","","N","","N"
"D","DoyPack3\Valv\XV4505B_ALR","ON","XV4505B","1","S","","","S","","","S","","","","","","N","","N"
"D","DoyPack3\Valv\XV4505C_ALR","ON","XV4505C","1","S","","","S","","","S","","","","","","N","","N"
"D","DoyPack3\Valv\XV4505D_ALR","ON","XV4505D","1","S","","","S","","","S","","","","","","N","","N"
"D","DoyPack3\Valv\XV4505E_ALR","ON","XV4505E","1","S","","","S","","","S","","","","","","N","","N"
"D","DoyPack3\Valv\XV4505F_ALR","ON","XV4505F","1","S","","","S","","","S","","","","","","N","","N"
"D","DoyPack3\Valv\XV4505G_ALR","ON","XV4505G","1","S","","","S","","","S","","","","","","N","","N"
"D","DoyPack3\Valv\XV4505H_ALR","ON","XV4505H","1","S","","","S","","","S","","","","","","N","","N"
"D","DoyPack3\Valv\XV4505I_ALR","ON","XV4505I","1","S","","","S","","","S","","","","","","N","","N"
"D","DoyPack3\Valv\XV4505J_ALR","ON","XV4505J","1","S","","","S","","","S","","","","","","N","","N"
"D","DoyPack3\Valv\XV4505K_ALR","ON","XV4505K","1","S","","","S","","","S","","","","","","N","","N"
"D","DoyPack3\Valv\XV4505L_ALR","ON","XV4505L","1","S","","","S","","","S","","","","","","N","","N"
"D","DoyPack3\Valv\XV4505M_ALR","ON","XV4505M","1","S","","","S","","","S","","","","","","N","","N"
"D","DoyPack3\Valv\XV4507A_ALR","ON","XV4507A","1","S","","","S","","","S","","","","","","N","","N"
"D","DoyPack3\Valv\XV4508A_ALR","ON","XV4508A","1","S","","","S","","","S","","","","","","N","","N"
"D","DoyPack3\Valv\XV4508B_ALR","ON","XV4508B","1","S","","","S","","","S","","","","","","N","","N"
"D","DoyPack3\Valv\XV4508C_ALR","ON","XV4508C","1","S","","","S","","","S","","","","","","N","","N"
"D","DoyPack3\Valv\XV4508D_Alr","ON","XV4508C","1","S","","","S","","","S","","","","","","N","","N"
"D","DoyPack3\Valv\XV4511A_ALR","ON","XV4511A","1","S","","","S","","","S","","","","","","N","","N"
"D","DoyPack3\Valv\XV4531A_ALR","ON","XV4531A","1","S","","","S","","","S","","","","","","N","","N"
"D","DoyPack3\Valv\XV4531B_ALR","ON","XV4531B","1","S","","","S","","","S","","","","","","N","","N"
"D","DoyPack3\Valv\XV4531C_ALR","ON","XV4531C","1","S","","","S","","","S","","","","","","N","","N"
"D","DoyPack3\Valv\XV4531D_ALR","ON","XV4531D","1","S","","","S","","","S","","","","","","N","","N"
"D","DoyPack\Inv\AG4802_ALR","ON","AG4802","1","S","","","S","","","S","","","","","","N","","N"
"D","DoyPack\Inv\AG4802_FAL","ON","AG4802","1","S","","","S","","","S","","","","","","N","","N"
"D","DoyPack\Inv\AG4804_ALR","ON","AG4804","1","S","","","S","","","S","","","","","","N","","N"
"D","DoyPack\Inv\AG4804_FAL","ON","AG4804","1","S","","","S","","","S","","","","","","N","","N"
"D","DoyPack\Inv\AG4902_ALR","ON","AG4902","1","S","","","S","","","S","","","","","","N","","N"
"D","DoyPack\Inv\AG4902_FAL","ON","AG4902","1","S","","","S","","","S","","","","","","N","","N"
"D","DoyPack\Inv\AG4904_ALR","ON","AG4904","1","S","","","S","","","S","","","","","","N","","N"
"D","DoyPack\Inv\AG4904_FAL","ON","AG4904","1","S","","","S","","","S","","","","","","N","","N"
"D","DoyPack\Inv\BB4809_ALR","ON","BB4809","1","S","","","S","","","S","","","","","","N","","N"
"D","DoyPack\Inv\BB4809_FAL","ON","BB4809","1","S","","","S","","","S","","","","","","N","","N"
"D","DoyPack\Inv\BB4909_ALR","ON","BB4909","1","S","","","S","","","S","","","","","","N","","N"
"D","DoyPack\Inv\BB4909_FAL","ON","BB4909","1","S","","","S","","","S","","","","","","N","","N"
"D","DoyPack\Inv\MG4849_ALR","ON","TC4832D","1","S","","","S","","","S","","","","","","N","","N"
"D","DoyPack\Inv\MG4849_FAL","ON","TC4832D","1","S","","","S","","","S","","","","","","N","","N"
"D","DoyPack\Inv\TC4832A_ALR","ON","TC4832A","1","S","","","S","","","S","","","","","","N","","N"
"D","DoyPack\Inv\TC4832A_FAL","ON","TC4832A","1","S","","","S","","","S","","","","","","N","","N"
"D","DoyPack\Inv\TC4832B_ALR","ON","TC4832B","1","S","","","S","","","S","","","","","","N","","N"
"D","DoyPack\Inv\TC4832B_FAL","ON","TC4832B","1","S","","","S","","","S","","","","","","N","","N"
"D","DoyPack\Inv\TC4832C_ALR","ON","TC4832C","1","S","","","S","","","S","","","","","","N","","N"
"D","DoyPack\Inv\TC4832C_FAL","ON","TC4832C","1","S","","","S","","","S","","","","","","N","","N"
"D","DoyPack\Inv\TC4832D_ALR","ON","TC4832D","1","S","","","S","","","S","","","","","","N","","N"
"D","DoyPack\Inv\TC4832D_FAL","ON","TC4832D","1","S","","","S","","","S","","","","","","N","","N"
"D","DoyPack\Inv\TC4832E_ALR","ON","TC4932A","1","S","","","S","","","S","","","","","","N","","N"
"D","DoyPack\Inv\TC4832E_FAL","ON","TC4932A","1","S","","","S","","","S","","","","","","N","","N"
"D","DoyPack\Inv\TC4838_ALR","ON","TC4832D","1","S","","","S","","","S","","","","","","N","","N"
"D","DoyPack\Inv\TC4838_FAL","ON","TC4832D","1","S","","","S","","","S","","","","","","N","","N"
"D","DoyPack\Inv\TC4932A_ALR","ON","TC4932A","1","S","","","S","","","S","","","","","","N","","N"
"D","DoyPack\Inv\TC4932A_FAL","ON","TC4932A","1","S","","","S","","","S","","","","","","N","","N"
"D","DoyPack\Inv\TC4932B_ALR","ON","TC4932B","1","S","","","S","","","S","","","","","","N","","N"
"D","DoyPack\Inv\TC4932B_FAL","ON","TC4932B","1","S","","","S","","","S","","","","","","N","","N"
"D","DoyPack\Inv\TC4932C_ALR","ON","TC4932C","1","S","","","S","","","S","","","","","","N","","N"
"D","DoyPack\Inv\TC4932C_FAL","ON","TC4932C","1","S","","","S","","","S","","","","","","N","","N"
"D","DoyPack\Inv\TU4837_ALR","ON","TU4837","1","S","","","S","","","S","","","","","","N","","N"
"D","DoyPack\Inv\TU4837_FAL","ON","TU4837","1","S","","","S","","","S","","","","","","N","","N"
"D","DoyPack\Inv\TU4937_ALR","ON","TU4937","1","S","","","S","","","S","","","","","","N","","N"
"D","DoyPack\Inv\TU4937_FAL","ON","TU4937","1","S","","","S","","","S","","","","","","N","","N"
"D","DoyPack\Mot\AG4806_ALR","ON","AG4806","1","S","","","S","","","S","","","","","","N","","N"
"D","DoyPack\Mot\AG4806_TE","OFF","AG4806","1","S","","","S","","","S","","","","","","N","","N"
"D","DoyPack\Mot\AG4906_ALR","ON","AG4906","1","S","","","S","","","S","","","","","","N","","N"
"D","DoyPack\Mot\AG4906_TE","OFF","AG4906","1","S","","","S","","","S","","","","","","N","","N"
"D","DoyPack\Mot\BB4808_ALR","ON","BB4808","1","U","","","U","","","U","","","","","","N","","N"
"D","DoyPack\Mot\BB4808_TE","OFF","BB4808","1","U","","","U","","","U","","","","","","N","","N"
"D","DoyPack\Mot\BB4810_ALR","ON","BB4810","1","U","","","U","","","U","","","","","","N","","N"
"D","DoyPack\Mot\BB4810_TE","OFF","BB4810","1","U","","","U","","","U","","","","","","N","","N"
"D","DoyPack\Mot\BB4812_ALR","ON","BB4812","1","U","","","U","","","U","","","","","","N","","N"
"D","DoyPack\Mot\BB4812_TE","OFF","BB4812","1","U","","","U","","","U","","","","","","N","","N"
"D","DoyPack\Mot\BB4831_ALR","ON","BB4831","1","U","","","U","","","U","","","","","","N","","N"
"D","DoyPack\Mot\BB4831_TE","OFF","BB4831","1","U","","","U","","","U","","","","","","N","","N"
"D","DoyPack\Mot\BB4832_ALR","ON","BB4832","1","U","","","U","","","U","","","","","","N","","N"
"D","DoyPack\Mot\BB4832_TE","OFF","BB4832","1","U","","","U","","","U","","","","","","N","","N"
"D","DoyPack\Mot\BB4835_ALR","ON","BB4835","1","U","","","U","","","U","","","","","","N","","N"
"D","DoyPack\Mot\BB4835_TE","OFF","BB4835","1","U","","","U","","","U","","","","","","N","","N"
"D","DoyPack\Mot\BB4908_ALR","ON","BB4908","1","U","","","U","","","U","","","","","","N","","N"
"D","DoyPack\Mot\BB4908_TE","OFF","BB4908","1","U","","","U","","","U","","","","","","N","","N"
"D","DoyPack\Mot\BB4910_ALR","ON","BB4910","1","U","","","U","","","U","","","","","","N","","N"
"D","DoyPack\Mot\BB4910_TE","OFF","BB4910","1","U","","","U","","","U","","","","","","N","","N"
"D","DoyPack\Mot\BB4912_ALR","ON","BB4912","1","U","","","U","","","U","","","","","","N","","N"
"D","DoyPack\Mot\BB4912_TE","OFF","BB4912","1","U","","","U","","","U","","","","","","N","","N"
"D","DoyPack\Mot\BB4931_ALR","ON","BB4931","1","U","","","U","","","U","","","","","","N","","N"
"D","DoyPack\Mot\BB4931_TE","OFF","BB4931","1","U","","","U","","","U","","","","","","N","","N"
"D","DoyPack\Mot\BB4932_ALR","ON","BB4932","1","U","","","U","","","U","","","","","","N","","N"
"D","DoyPack\Mot\BB4932_TE","OFF","BB4932","1","U","","","U","","","U","","","","","","N","","N"
"D","DoyPack\Mot\BB4935_ALR","ON","BB4935","1","U","","","U","","","U","","","","","","N","","N"
"D","DoyPack\Mot\BB4935_TE","OFF","BB4935","1","U","","","U","","","U","","","","","","N","","N"
"D","DoyPack\Mot\ET4844_ALR","ON","ET4844","1","U","","","U","","","U","","","","","","N","","N"
"D","DoyPack\Mot\ET4844_TE","OFF","ET4844","1","U","","","U","","","U","","","","","","N","","N"
"D","DoyPack\Mot\tc4834_ALR","ON","tc4834","1","U","","","U","","","U","","","","","","N","","N"
"D","DoyPack\Mot\tc4834_TE","OFF","tc4834","1","U","","","U","","","U","","","","","","N","","N"
"D","DoyPack\Mot\TC4841_ALR","ON","TC4841","1","U","","","U","","","U","","","","","","N","","N"
"D","DoyPack\Mot\TC4841_TE","OFF","TC4841","1","U","","","U","","","U","","","","","","N","","N"
"D","DoyPack\Mot\TC4842_ALR","ON","TC4842","1","U","","","U","","","U","","","","","","N","","N"
"D","DoyPack\Mot\TC4842_TE","OFF","TC4842","1","U","","","U","","","U","","","","","","N","","N"
"D","DoyPack\Mot\TC4842B_ALR","ON","TC4842","1","U","","","U","","","U","","","","","","N","","N"
"D","DoyPack\Mot\TC4842B_TE","OFF","TC4842","1","U","","","U","","","U","","","","","","N","","N"
"D","DoyPack\Mot\TC4843_ALR","ON","TC4843","1","U","","","U","","","U","","","","","","N","","N"
"D","DoyPack\Mot\TC4843_TE","OFF","TC4843","1","U","","","U","","","U","","","","","","N","","N"
"D","DoyPack\Mot\TC4934_ALR","ON","TC4934","1","U","","","U","","","U","","","","","","N","","N"
"D","DoyPack\Mot\TC4934_TE","OFF","TC4934","1","U","","","U","","","U","","","","","","N","","N"
"D","DoyPack\Mot\TC4941_ALR","ON","TC4941","1","U","","","U","","","U","","","","","","N","","N"
"D","DoyPack\Mot\TC4941_TE","OFF","TC4941","1","U","","","U","","","U","","","","","","N","","N"
"D","DoyPack\Mot\TC4942_ALR","ON","TC4942","1","U","","","U","","","U","","","","","","N","","N"
"D","DoyPack\Mot\TC4942_TE","OFF","TC4942","1","U","","","U","","","U","","","","","","N","","N"
"D","DoyPack\Mot\VL4839_ALR","ON","VL4839","1","U","","","U","","","U","","","","","","N","","N"
"D","DoyPack\Mot\VL4839_TE","OFF","VL4839","1","U","","","U","","","U","","","","","","N","","N"
"D","DoyPack\Mot\VL4840_ALR","ON","VL4840","1","U","","","U","","","U","","","","","","N","","N"
"D","DoyPack\Mot\VL4840_TE","OFF","VL4840","1","U","","","U","","","U","","","","","","N","","N"
"D","DoyPack\Mot\VL4846_ALR","ON","VL4846","1","U","","","U","","","U","","","","","","N","","N"
"D","DoyPack\Mot\VL4846_TE","OFF","VL4846","1","U","","","U","","","U","","","","","","N","","N"
"D","DoyPack\Mot\VL4847_ALR","ON","VL4847","1","U","","","U","","","U","","","","","","N","","N"
"D","DoyPack\Mot\VL4847_TE","OFF","VL4847","1","U","","","U","","","U","","","","","","N","","N"
"D","DoyPack\Mot\VL4848_ALR","ON","VL4849_ALR","1","U","","","U","","","S","","","","","","N","","N"
"D","DoyPack\Mot\VL4848_TE","ON","VL4848_TE","1","U","","","U","","","S","","","","","","N","","N"
"D","DoyPack\Mot\VL4849_ALR","ON","VL4849_ALR","1","U","","","U","","","S","","","","","","N","","N"
"D","DoyPack\Mot\VL4849_TE","ON","VL4849_TE","1","U","","","U","","","S","","","","","","N","","N"
"D","DoyPack\Mot\VL4939_ALR","ON","VL4939","1","U","","","U","","","U","","","","","","N","","N"
"D","DoyPack\Mot\VL4939_TE","OFF","VL4939","1","U","","","U","","","U","","","","","","N","","N"
"D","DoyPack\Mot\VL4940_ALR","ON","VL4940","1","U","","","U","","","U","","","","","","N","","N"
"D","DoyPack\Mot\VL4940_TE","OFF","VL4940","1","U","","","U","","","U","","","","","","N","","N"
"D","DoyPack\Mot\VL4946_ALR","ON","VL4946","1","U","","","U","","","U","","","","","","N","","N"
"D","DoyPack\Mot\VL4946_TE","OFF","VL4946","1","U","","","U","","","U","","","","","","N","","N"
"D","DoyPack\Mot\VL4947_ALR","ON","VL4947","1","U","","","U","","","U","","","","","","N","","N"
"D","DoyPack\Mot\VL4947_TE","OFF","VL4947","1","U","","","U","","","U","","","","","","N","","N"
"D","DoyPack\Valv\XV4801A_ALR","ON","XV4801A","1","U","","","U","","","U","","","","","","N","","N"
"D","DoyPack\Valv\XV4801B_ALR","ON","XV4801B","1","U","","","U","","","U","","","","","","N","","N"
"D","DoyPack\Valv\XV4801C_ALR","ON","XV4801C","1","U","","","U","","","U","","","","","","N","","N"
"D","DoyPack\Valv\XV4801D_ALR","ON","XV4801D","1","U","","","U","","","U","","","","","","N","","N"
"D","DoyPack\Valv\XV4801E_ALR","ON","XV4801E","1","U","","","U","","","U","","","","","","N","","N"
"D","DoyPack\Valv\XV4801F_ALR","ON","XV4801F","1","U","","","U","","","U","","","","","","N","","N"
"D","DoyPack\Valv\XV4801G_ALR","ON","XV4801G","1","U","","","U","","","U","","","","","","N","","N"
"D","DoyPack\Valv\XV4801H_ALR","ON","XV4801H","1","U","","","U","","","U","","","","","","N","","N"
"D","DoyPack\Valv\XV4801I_ALR","ON","XV4801I","1","U","","","U","","","U","","","","","","N","","N"
"D","DoyPack\Valv\XV4801J_ALR","ON","XV4801J","1","U","","","U","","","U","","","","","","N","","N"
"D","DoyPack\Valv\XV4801K_ALR","ON","XV4801K","1","U","","","U","","","U","","","","","","N","","N"
"D","DoyPack\Valv\XV4801L_ALR","ON","XV4801L","1","U","","","U","","","U","","","","","","N","","N"
"D","DoyPack\Valv\XV4801M_ALR","ON","XV4801M","1","U","","","U","","","U","","","","","","N","","N"
"D","DoyPack\Valv\XV4801N_ALR","ON","XV4801N","1","U","","","U","","","U","","","","","","N","","N"
"D","DoyPack\Valv\XV4801O_ALR","ON","XV4801O","1","U","","","U","","","U","","","","","","N","","N"
"D","DoyPack\Valv\XV4801P_ALR","ON","XV4801P","1","U","","","U","","","U","","","","","","N","","N"
"D","DoyPack\Valv\XV4801Q_ALR","ON","XV4801Q","1","U","","","U","","","U","","","","","","N","","N"
"D","DoyPack\Valv\XV4801R_ALR","ON","XV4801R","1","U","","","U","","","U","","","","","","N","","N"
"D","DoyPack\Valv\XV4801S_ALR","ON","XV4801S","1","U","","","U","","","U","","","","","","N","","N"
"D","DoyPack\Valv\XV4801T_ALR","ON","XV4801T","1","U","","","U","","","U","","","","","","N","","N"
"D","DoyPack\Valv\XV4801U_ALR","ON","XV4801U","1","U","","","U","","","U","","","","","","N","","N"
"D","DoyPack\Valv\XV4801V_ALR","ON","XV4801V","1","U","","","U","","","U","","","","","","N","","N"
"D","DoyPack\Valv\XV4801W_ALR","ON","XV4801W","1","U","","","U","","","U","","","","","","N","","N"
"D","DoyPack\Valv\XV4801x_ALR","ON","XV4801x","1","U","","","U","","","U","","","","","","N","","N"
"D","DoyPack\Valv\XV4803A_ALR","ON","XV4803A","1","U","","","U","","","U","","","","","","N","","N"
"D","DoyPack\Valv\XV4803AA_ALR","ON","XV4803A","1","U","","","U","","","U","","","","","","N","","N"
"D","DoyPack\Valv\XV4803B_ALR","ON","XV4803B","1","U","","","U","","","U","","","","","","N","","N"
"D","DoyPack\Valv\XV4803C_ALR","ON","XV4803C","1","U","","","U","","","U","","","","","","N","","N"
"D","DoyPack\Valv\XV4803D_ALR","ON","XV4803D","1","U","","","U","","","U","","","","","","N","","N"
"D","DoyPack\Valv\XV4803E_ALR","ON","XV4803E","1","U","","","U","","","U","","","","","","N","","N"
"D","DoyPack\Valv\XV4803F_ALR","ON","XV4803F","1","U","","","U","","","U","","","","","","N","","N"
"D","DoyPack\Valv\XV4803G_ALR","ON","XV4803G","1","U","","","U","","","U","","","","","","N","","N"
"D","DoyPack\Valv\XV4803H_ALR","ON","XV4803H","1","U","","","U","","","U","","","","","","N","","N"
"D","DoyPack\Valv\XV4805A_ALR","ON","XV4805A","1","U","","","U","","","U","","","","","","N","","N"
"D","DoyPack\Valv\XV4805AA_ALR","ON","XV4805A","1","U","","","U","","","U","","","","","","N","","N"
"D","DoyPack\Valv\XV4805B_ALR","ON","XV4805B","1","U","","","U","","","U","","","","","","N","","N"
"D","DoyPack\Valv\XV4805C_ALR","ON","XV4805C","1","U","","","U","","","U","","","","","","N","","N"
"D","DoyPack\Valv\XV4805D_ALR","ON","XV4805D","1","S","","","S","","","S","","","","","","N","","N"
"D","DoyPack\Valv\XV4805E_ALR","ON","XV4805E","1","S","","","S","","","S","","","","","","N","","N"
"D","DoyPack\Valv\XV4805F_ALR","ON","XV4805F","1","S","","","S","","","S","","","","","","N","","N"
"D","DoyPack\Valv\XV4805G_ALR","ON","XV4805G","1","S","","","S","","","S","","","","","","N","","N"
"D","DoyPack\Valv\XV4805H_ALR","ON","XV4805H","1","S","","","S","","","S","","","","","","N","","N"
"D","DoyPack\Valv\XV4806A_ALR","ON","XV4806A","1","S","","","S","","","S","","","","","","N","","N"
"D","DoyPack\Valv\XV4806B_ALR","ON","XV4806B","1","S","","","S","","","S","","","","","","N","","N"
"D","DoyPack\Valv\XV4806C_ALR","ON","XV4806C","1","S","","","S","","","S","","","","","","N","","N"
"D","DoyPack\Valv\XV4806D_ALR","ON","XV4806D","1","S","","","S","","","S","","","","","","N","","N"
"D","DoyPack\Valv\XV4806E_ALR","ON","XV4806E","1","S","","","S","","","S","","","","","","N","","N"
"D","DoyPack\Valv\XV4806F_ALR","ON","XV4806F","1","S","","","S","","","S","","","","","","N","","N"
"D","DoyPack\Valv\XV4807A_ALR","ON","XV4807A","1","S","","","S","","","S","","","","","","N","","N"
"D","DoyPack\Valv\XV4807C_ALR","ON","XV4807C","1","S","","","S","","","S","","","","","","N","","N"
"D","DoyPack\Valv\XV4807D_ALR","ON","XV4807D","1","S","","","S","","","S","","","","","","N","","N"
"D","DoyPack\Valv\XV4807E_ALR","ON","XV4807E","1","S","","","S","","","S","","","","","","N","","N"
"D","DoyPack\Valv\XV4807F_ALR","ON","XV4807F","1","S","","","S","","","S","","","","","","N","","N"
"D","DoyPack\Valv\XV4807G_ALR","ON","XV4807G","1","S","","","S","","","S","","","","","","N","","N"
"D","DoyPack\Valv\XV4807H_ALR","ON","XV4807H","1","S","","","S","","","S","","","","","","N","","N"
"D","DoyPack\Valv\XV4808A_ALR","ON","XV4808A","1","S","","","S","","","S","","","","","","N","","N"
"D","DoyPack\Valv\XV4808B_ALR","ON","XV4808B","1","S","","","S","","","S","","","","","","N","","N"
"D","DoyPack\Valv\XV4808D_ALR","ON","XV4808D","1","S","","","S","","","S","","","","","","N","","N"
"D","DoyPack\Valv\XV4808E_ALR","ON","XV4808E","1","S","","","S","","","S","","","","","","N","","N"
"D","DoyPack\Valv\XV4808F_ALR","ON","XV4808F","1","S","","","S","","","S","","","","","","N","","N"
"D","DoyPack\Valv\XV4809A_ALR","ON","XV4809A","1","S","","","S","","","S","","","","","","N","","N"
"D","DoyPack\Valv\XV4809B_ALR","ON","XV4809B","1","S","","","S","","","S","","","","","","N","","N"
"D","DoyPack\Valv\XV4810A_ALR","ON","XV4810A","1","S","","","S","","","S","","","","","","N","","N"
"D","DoyPack\Valv\XV4810B_ALR","ON","XV4810B","1","S","","","S","","","S","","","","","","N","","N"
"D","DoyPack\Valv\XV4810C_ALR","ON","XV4810C","1","S","","","S","","","S","","","","","","N","","N"
"D","DoyPack\Valv\XV4810D_ALR","ON","XV4810D","1","S","","","S","","","S","","","","","","N","","N"
"D","DoyPack\Valv\XV4810E_ALR","ON","XV4810E","1","S","","","S","","","S","","","","","","N","","N"
"D","DoyPack\Valv\XV4810F_ALR","ON","XV4810F","1","S","","","S","","","S","","","","","","N","","N"
"D","DoyPack\Valv\XV4810G_ALR","ON","XV4810G","1","S","","","S","","","S","","","","","","N","","N"
"D","DoyPack\Valv\XV4810H_ALR","ON","XV4810H","1","S","","","S","","","S","","","","","","N","","N"
"D","DoyPack\Valv\XV4811A_ALR","ON","XV4811A","1","S","","","S","","","S","","","","","","N","","N"
"D","DoyPack\Valv\XV4830A_ALR","ON","XV4830A","1","S","","","S","","","S","","","","","","N","","N"
"D","DoyPack\Valv\XV4830B_ALR","ON","XV4830B","1","S","","","S","","","S","","","","","","N","","N"
"D","DoyPack\Valv\XV4830C_ALR","ON","XV4830C","1","S","","","S","","","S","","","","","","N","","N"
"D","DoyPack\Valv\XV4830D_ALR","ON","XV4830D","1","S","","","S","","","S","","","","","","N","","N"
"D","DoyPack\Valv\XV4830E_ALR","ON","XV4830E","1","S","","","S","","","S","","","","","","N","","N"
"D","DoyPack\Valv\XV4837A_ALR","ON","XV4837A","1","S","","","S","","","S","","","","","","N","","N"
"D","Fsw\Inv\BB3429_ALR","ON","BB3429","1","S","","","S","","","S","","","","","","N","","N"
"D","Fsw\Inv\BB3429_FAL","ON","BB3429","1","S","","","S","","","S","","","","","","N","","N"
"D","Fsw\Mot\AG3407A_ALR","ON","AG3407A","1","S","","","S","","","S","","","","","","N","","N"
"D","Fsw\Mot\AG3407A_TE","OFF","AG3407A","1","S","","","S","","","S","","","","","","N","","N"
"D","Fsw\Mot\AG3407B_ALR","ON","AG3407B","1","S","","","S","","","S","","","","","","N","","N"
"D","Fsw\Mot\AG3407B_TE","OFF","AG3407B","1","S","","","S","","","S","","","","","","N","","N"
"D","Fsw\Mot\AG3427_ALR","ON","AG3427","1","S","","","S","","","S","","","","","","N","","N"
"D","Fsw\Mot\AG3427_TE","OFF","AG3427","1","S","","","S","","","S","","","","","","N","","N"
"D","Fsw\Mot\AG3430_ALR","ON","AG3430","1","S","","","S","","","S","","","","","","N","","N"
"D","Fsw\Mot\AG3430_TE","OFF","AG3430","1","S","","","S","","","S","","","","","","N","","N"
"D","Fsw\Mot\AG3435_ALR","ON","AG3435","1","S","","","S","","","S","","","","","","N","","N"
"D","Fsw\Mot\AG3435_TE","OFF","AG3435","1","S","","","S","","","S","","","","","","N","","N"
"D","Fsw\Mot\BB3432_ALR","ON","BB3432","1","S","","","S","","","S","","","","","","N","","N"
"D","Fsw\Mot\BB3432_TE","OFF","BB3432","1","S","","","S","","","S","","","","","","N","","N"
"D","Fsw\Mot\BB3433_ALR","ON","BB3433","1","S","","","S","","","S","","","","","","N","","N"
"D","Fsw\Mot\BB3433_TE","OFF","BB3433","1","S","","","S","","","S","","","","","","N","","N"
"D","Fsw\Mot\BB3434_ALR","ON","BB3434","1","S","","","S","","","S","","","","","","N","","N"
"D","Fsw\Mot\BB3434_TE","OFF","BB3434","1","S","","","S","","","S","","","","","","N","","N"
"D","Fsw\Mot\BB3437_ALR","ON","BB3437","1","S","","","S","","","S","","","","","","N","","N"
"D","Fsw\Mot\BB3437_TE","OFF","BB3437","1","S","","","S","","","S","","","","","","N","","N"
"D","Fsw\Valv\XV3431A_ALR","ON","XV3431A","1","S","","","S","","","S","","","","","","N","","N"
"D","Fsw\Valv\XV3431B_ALR","ON","XV3431B","1","S","","","S","","","S","","","","","","N","","N"
"D","Fsw\Valv\XV3431C_ALR","ON","XV3431C","1","S","","","S","","","S","","","","","","N","","N"
"D","Fsw\Valv\XV3431D_ALR","ON","XV3431D","1","S","","","S","","","S","","","","","","N","","N"
"D","Fsw\Valv\XV3431E_ALR","ON","XV3431E","1","S","","","S","","","S","","","","","","N","","N"
"D","Fsw\Valv\XV3431F_ALR","ON","XV3431F","1","S","","","S","","","S","","","","","","N","","N"
"D","Fsw\Valv\XV3431G_ALR","ON","XV3431G","1","S","","","S","","","S","","","","","","N","","N"
"D","Fsw\Valv\XV3431H_ALR","ON","XV3431H","1","S","","","S","","","S","","","","","","N","","N"
"D","Fsw\Valv\XV3431I_ALR","ON","XV3431I","1","S","","","S","","","S","","","","","","N","","N"
"D","Fsw\Valv\XV3431J_ALR","ON","XV3431J","1","S","","","S","","","S","","","","","","N","","N"
"D","Fsw\Valv\XV3431K_ALR","ON","XV3431K","1","S","","","S","","","S","","","","","","N","","N"
"D","Fsw\Valv\XV3431L_ALR","ON","XV3431L","1","S","","","S","","","S","","","","","","N","","N"
"D","Fsw\Valv\XV3431M_ALR","ON","XV3431M","1","S","","","S","","","S","","","","","","N","","N"
"D","Fsw\Valv\XV3432A_ALR","ON","XV3432A","1","S","","","S","","","S","","","","","","N","","N"
"D","Fsw\Valv\XV3432H_ALR","ON","XV3432H","1","S","","","S","","","S","","","","","","N","","N"
"D","Fsw\Valv\XV3432I_ALR","ON","XV3432I","1","S","","","S","","","S","","","","","","N","","N"
"D","Fsw\Valv\XV3433A_ALR","ON","XV3433A","1","S","","","S","","","S","","","","","","N","","N"
"D","Fsw\Valv\XV3433B_ALR","ON","XV3433B","1","S","","","S","","","S","","","","","","N","","N"
"D","Fsw\Valv\XV3433C_ALR","ON","XV3433C","1","S","","","S","","","S","","","","","","N","","N"
"D","Fsw\Valv\XV3436A_ALR","ON","XV3436A","1","S","","","S","","","S","","","","","","N","","N"
"D","Fsw\Valv\XV3436B_ALR","ON","XV3436B","1","S","","","S","","","S","","","","","","N","","N"
"D","Fsw\Valv\XV3436H_ALR","ON","XV3436H","1","S","","","S","","","S","","","","","","N","","N"
"D","Fsw\Valv\XV3437A_ALR","ON","XV3437A","1","S","","","S","","","S","","","","","","N","","N"
"D","Mem\TagStructure\Inv\INVERSOR_ALR","ON","INVERSOR","1","S","","","S","","","S","","","","","","N","","N"
"D","Mem\TagStructure\Inv\INVERSOR_FAL","ON","INVERSOR","1","S","","","S","","","S","","","","","","N","","N"
"D","Mem\TagStructure\Mot\MOTOR_ALR","ON","MOTOR","1","S","","","S","","","S","","","","","","N","","N"
"D","Mem\TagStructure\Mot\MOTOR_FAL","ON","MOTOR","1","S","","","S","","","S","","","","","","N","","N"
"D","Mem\TagStructure\Mot\MOTOR_TE","OFF","MOTOR","1","S","","","S","","","S","","","","","","N","","N"
"D","Mem\TagStructure\Valv\VALVE_ALR","ON","VALVE","1","S","","","S","","","S","","","","","","N","","N"
"D","Mem\TagStructure\VALVE_ALR","ON","VALVE","1","S","","","S","","","S","","","","","","N","","N"
"D","TorreResfri\Mot\BB8403_ALR","ON","BB8403","1","S","","","S","","","S","","","","","","N","","N"
"D","TorreResfri\Mot\BB8403_Fal","OFF","BB8403","1","S","","","S","","","S","","","","","","N","","N"
"D","TorreResfri\Mot\BB8403_TE","OFF","BB8403","1","S","","","S","","","S","","","","","","N","","N"
"D","TorreResfri\Mot\BB8404_ALR","ON","BB8404","1","S","","","S","","","S","","","","","","N","","N"
"D","TorreResfri\Mot\BB8404_fal","OFF","BB8404","1","S","","","S","","","S","","","","","","N","","N"
"D","TorreResfri\Mot\BB8404_TE","OFF","BB8404","1","S","","","S","","","S","","","","","","N","","N"
"D","TorreResfri\Mot\BB8405_ALR","ON","BB8405","1","S","","","S","","","S","","","","","","N","","N"
"D","TorreResfri\Mot\BB8405_TE","OFF","BB8405","1","S","","","S","","","S","","","","","","N","","N"
"D","TORRERESFRI\Mot\BB8422_ALR","ON","BB8422","1","S","","","S","","","S","","","","","","N","","N"
"D","TORRERESFRI\Mot\BB8422_TE","OFF","BB8422","1","S","","","S","","","S","","","","","","N","","N"
"D","TORRERESFRI\Mot\BB8423_ALR","ON","BB8423","1","S","","","S","","","S","","","","","","N","","N"
"D","TORRERESFRI\Mot\BB8423_TE","OFF","BB8423","1","S","","","S","","","S","","","","","","N","","N"
"D","TORRERESFRI\Mot\BB8424_ALR","ON","BB8424","1","S","","","S","","","S","","","","","","N","","N"
"D","TORRERESFRI\Mot\BB8424_TE","OFF","BB8424","1","S","","","S","","","S","","","","","","N","","N"
"D","TorreResfri\Mot\SSB84_ALR","ON","SSB84","1","S","","","S","","","S","","","","","","N","","N"
"D","TorreResfri\Mot\SSB84_FAL","ON","SSB84","1","S","","","S","","","S","","","","","","N","","N"
"D","TorreResfri\Mot\VL8402_ALR","ON","VL8402","1","S","","","S","","","S","","","","","","N","","N"
"D","TorreResfri\Mot\VL8402_FAL","ON","VL8402","1","S","","","S","","","S","","","","","","N","","N"
"D","TORRERESFRI\Mot\VL8405_ALR","ON","VL8405","1","S","","","S","","","S","","","","","","N","","N"
"D","TORRERESFRI\Mot\VL8405_TE","OFF","VL8405","1","S","","","S","","","S","","","","","","N","","N"
"D","TorreResfri\Mot\VL8502_ALR","ON","VL8502","1","S","","","S","","","S","","","","","","N","","N"
"D","TorreResfri\Mot\VL8502_FAL","ON","VL8502","1","S","","","S","","","S","","","","","","N","","N"
